-- Adatbázis létrehozása
CREATE DATABASE IF NOT EXISTS `cukraszda_x665hd` DEFAULT CHARACTER SET utf8mb4 COLLATE utf8mb4_unicode_ci;
USE `cukraszda_x665hd`;

-- phpMyAdmin SQL Dump
-- version 5.2.1
-- https://www.phpmyadmin.net/
--
-- Gép: 127.0.0.1
-- Létrehozás ideje: 2025. Nov 26. 14:11
-- Kiszolgáló verziója: 10.4.32-MariaDB
-- PHP verzió: 8.2.12

SET SQL_MODE = "NO_AUTO_VALUE_ON_ZERO";
START TRANSACTION;
SET time_zone = "+00:00";


/*!40101 SET @OLD_CHARACTER_SET_CLIENT=@@CHARACTER_SET_CLIENT */;
/*!40101 SET @OLD_CHARACTER_SET_RESULTS=@@CHARACTER_SET_RESULTS */;
/*!40101 SET @OLD_COLLATION_CONNECTION=@@COLLATION_CONNECTION */;
/*!40101 SET NAMES utf8mb4 */;

--
-- Adatbázis: `cukraszda_x665hd`
--

-- --------------------------------------------------------

--
-- Tábla szerkezet ehhez a táblához `ar`
--

CREATE TABLE `ar` (
  `id` bigint(20) UNSIGNED NOT NULL,
  `sutiid` int(11) NOT NULL,
  `ertek` int(11) NOT NULL,
  `egyseg` varchar(255) NOT NULL,
  `created_at` timestamp NULL DEFAULT NULL,
  `updated_at` timestamp NULL DEFAULT NULL
) ENGINE=InnoDB DEFAULT CHARSET=utf8mb4 COLLATE=utf8mb4_unicode_ci;

--
-- A tábla adatainak kiíratása `ar`
--

INSERT INTO `ar` (`id`, `sutiid`, `ertek`, `egyseg`, `created_at`, `updated_at`) VALUES
(1, 32, 500, 'db', '2025-11-06 19:33:10', '2025-11-06 19:33:10'),
(2, 76, 10900, '16 szeletes', '2025-11-06 19:33:10', '2025-11-06 19:33:10'),
(3, 106, 4300, '8 szeletes', '2025-11-06 19:33:10', '2025-11-06 19:33:10'),
(4, 88, 300, 'db', '2025-11-06 19:33:10', '2025-11-06 19:33:10'),
(5, 116, 16200, '24 szeletes', '2025-11-06 19:33:10', '2025-11-06 19:33:10'),
(6, 135, 250, 'db', '2025-11-06 19:33:10', '2025-11-06 19:33:10'),
(7, 127, 4400, 'kg', '2025-11-06 19:33:10', '2025-11-06 19:33:10'),
(8, 50, 13400, '24 szeletes', '2025-11-06 19:33:10', '2025-11-06 19:33:10'),
(9, 70, 700, 'db', '2025-11-06 19:33:10', '2025-11-06 19:33:10'),
(10, 31, 5200, 'kg', '2025-11-06 19:33:10', '2025-11-06 19:33:10'),
(11, 96, 3300, 'kg ​​', '2025-11-06 19:33:10', '2025-11-06 19:33:10'),
(12, 116, 5700, '8 szeletes', '2025-11-06 19:33:10', '2025-11-06 19:33:10'),
(13, 22, 9000, '16 szeletes', '2025-11-06 19:33:10', '2025-11-06 19:33:10'),
(14, 138, 4400, 'kg', '2025-11-06 19:33:10', '2025-11-06 19:33:10'),
(15, 112, 2900, 'kg', '2025-11-06 19:33:10', '2025-11-06 19:33:10'),
(16, 58, 3200, 'kg', '2025-11-06 19:33:10', '2025-11-06 19:33:10'),
(17, 98, 10400, '16 szeletes', '2025-11-06 19:33:10', '2025-11-06 19:33:10'),
(18, 75, 2100, 'rúd', '2025-11-06 19:33:10', '2025-11-06 19:33:10'),
(19, 24, 11400, '24 szeletes', '2025-11-06 19:33:10', '2025-11-06 19:33:10'),
(20, 62, 600, 'db', '2025-11-06 19:33:10', '2025-11-06 19:33:10'),
(21, 61, 8400, '16 szeletes', '2025-11-06 19:33:10', '2025-11-06 19:33:10'),
(22, 105, 10900, '16 szeletes', '2025-11-06 19:33:10', '2025-11-06 19:33:10'),
(23, 20, 4700, '8 szeletes', '2025-11-06 19:33:10', '2025-11-06 19:33:10'),
(24, 123, 1800, 'rúd', '2025-11-06 19:33:10', '2025-11-06 19:33:10'),
(25, 60, 8200, '16 szeletes', '2025-11-06 19:33:10', '2025-11-06 19:33:10'),
(26, 24, 3900, '8 szeletes', '2025-11-06 19:33:10', '2025-11-06 19:33:10'),
(27, 38, 4300, '8 szeletes', '2025-11-06 19:33:10', '2025-11-06 19:33:10'),
(28, 126, 2100, 'rúd', '2025-11-06 19:33:10', '2025-11-06 19:33:10'),
(29, 64, 750, 'db', '2025-11-06 19:33:10', '2025-11-06 19:33:10'),
(30, 109, 300, 'db', '2025-11-06 19:33:10', '2025-11-06 19:33:10'),
(31, 66, 350, 'db', '2025-11-06 19:33:10', '2025-11-06 19:33:10'),
(32, 89, 13200, '24 szeletes', '2025-11-06 19:33:10', '2025-11-06 19:33:10'),
(33, 98, 15400, '24 szeletes', '2025-11-06 19:33:10', '2025-11-06 19:33:10'),
(34, 24, 7400, '16 szeletes', '2025-11-06 19:33:10', '2025-11-06 19:33:10'),
(35, 76, 5700, '8 szeletes', '2025-11-06 19:33:10', '2025-11-06 19:33:10'),
(36, 131, 250, 'db', '2025-11-06 19:33:10', '2025-11-06 19:33:10'),
(37, 50, 9200, '16 szeletes', '2025-11-06 19:33:10', '2025-11-06 19:33:10'),
(38, 55, 600, 'db', '2025-11-06 19:33:10', '2025-11-06 19:33:10'),
(39, 87, 3400, 'kg', '2025-11-06 19:33:10', '2025-11-06 19:33:10'),
(40, 4, 3500, 'koszorú', '2025-11-06 19:33:10', '2025-11-06 19:33:10'),
(41, 8, 400, 'db', '2025-11-06 19:33:10', '2025-11-06 19:33:10'),
(42, 100, 450, 'db', '2025-11-06 19:33:10', '2025-11-06 19:33:10'),
(43, 129, 5300, '8 szeletes', '2025-11-06 19:33:10', '2025-11-06 19:33:10'),
(44, 35, 4700, '8 szeletes', '2025-11-06 19:33:10', '2025-11-06 19:33:10'),
(45, 47, 490, 'db', '2025-11-06 19:33:10', '2025-11-06 19:33:10'),
(46, 89, 9000, '16 szeletes', '2025-11-06 19:33:10', '2025-11-06 19:33:10'),
(47, 111, 3300, 'kg', '2025-11-06 19:33:10', '2025-11-06 19:33:10'),
(48, 94, 400, 'db', '2025-11-06 19:33:10', '2025-11-06 19:33:10'),
(49, 42, 16200, '24 szeletes', '2025-11-06 19:33:10', '2025-11-06 19:33:10'),
(50, 80, 350, 'db', '2025-11-06 19:33:10', '2025-11-06 19:33:10'),
(51, 134, 4700, '8 szeletes', '2025-11-06 19:33:10', '2025-11-06 19:33:10'),
(52, 128, 4000, 'kg', '2025-11-06 19:33:10', '2025-11-06 19:33:10'),
(53, 90, 5200, 'kg', '2025-11-06 19:33:10', '2025-11-06 19:33:10'),
(54, 39, 13200, '24 szeletes', '2025-11-06 19:33:10', '2025-11-06 19:33:10'),
(55, 71, 7400, '16 szeletes', '2025-11-06 19:33:10', '2025-11-06 19:33:10'),
(56, 17, 3400, 'kg', '2025-11-06 19:33:10', '2025-11-06 19:33:10'),
(57, 68, 18400, '24 szeletes', '2025-11-06 19:33:10', '2025-11-06 19:33:10'),
(58, 81, 8200, '16 szeletes', '2025-11-06 19:33:10', '2025-11-06 19:33:10'),
(59, 134, 9000, '16 szeletes', '2025-11-06 19:33:10', '2025-11-06 19:33:10'),
(60, 108, 11400, '24 szeletes', '2025-11-06 19:33:10', '2025-11-06 19:33:10'),
(61, 97, 5200, 'kg', '2025-11-06 19:33:10', '2025-11-06 19:33:10'),
(62, 81, 4300, '8 szeletes', '2025-11-06 19:33:10', '2025-11-06 19:33:10'),
(63, 44, 3800, 'kg', '2025-11-06 19:33:10', '2025-11-06 19:33:10'),
(64, 72, 5700, '8 szeletes', '2025-11-06 19:33:10', '2025-11-06 19:33:10'),
(65, 49, 250, 'db', '2025-11-06 19:33:10', '2025-11-06 19:33:10'),
(66, 48, 350, 'db', '2025-11-06 19:33:10', '2025-11-06 19:33:10'),
(67, 14, 350, 'db', '2025-11-06 19:33:10', '2025-11-06 19:33:10'),
(68, 107, 12200, '24 szeletes', '2025-11-06 19:33:10', '2025-11-06 19:33:10'),
(69, 27, 15400, '24 szeletes', '2025-11-06 19:33:10', '2025-11-06 19:33:10'),
(70, 106, 12100, '24 szeletes', '2025-11-06 19:33:10', '2025-11-06 19:33:10'),
(71, 74, 7400, '16 szeletes', '2025-11-06 19:33:10', '2025-11-06 19:33:10'),
(72, 40, 5700, '8 szeletes', '2025-11-06 19:33:10', '2025-11-06 19:33:10'),
(73, 133, 450, 'db', '2025-11-06 19:33:10', '2025-11-06 19:33:10'),
(74, 77, 490, 'db', '2025-11-06 19:33:10', '2025-11-06 19:33:10'),
(75, 22, 13200, '24 szeletes', '2025-11-06 19:33:10', '2025-11-06 19:33:10'),
(76, 119, 9000, '16 szeletes', '2025-11-06 19:33:10', '2025-11-06 19:33:10'),
(77, 120, 3400, 'kg', '2025-11-06 19:33:10', '2025-11-06 19:33:10'),
(78, 105, 5700, '8 szeletes', '2025-11-06 19:33:10', '2025-11-06 19:33:10'),
(79, 119, 13200, '24 szeletes', '2025-11-06 19:33:10', '2025-11-06 19:33:10'),
(80, 99, 4600, 'kg', '2025-11-06 19:33:10', '2025-11-06 19:33:10'),
(81, 61, 12200, '24 szeletes', '2025-11-06 19:33:10', '2025-11-06 19:33:10'),
(82, 93, 4200, 'kg', '2025-11-06 19:33:10', '2025-11-06 19:33:10'),
(83, 59, 13200, '24 szeletes', '2025-11-06 19:33:10', '2025-11-06 19:33:10'),
(84, 82, 5700, '8 szeletes', '2025-11-06 19:33:10', '2025-11-06 19:33:10'),
(85, 56, 600, 'db', '2025-11-06 19:33:10', '2025-11-06 19:33:10'),
(86, 23, 550, 'db', '2025-11-06 19:33:10', '2025-11-06 19:33:10'),
(87, 81, 12100, '24 szeletes', '2025-11-06 19:33:10', '2025-11-06 19:33:10'),
(88, 67, 500, 'db', '2025-11-06 19:33:10', '2025-11-06 19:33:10'),
(89, 68, 6400, '8 szeletes', '2025-11-06 19:33:10', '2025-11-06 19:33:10'),
(90, 38, 8200, '16 szeletes', '2025-11-06 19:33:10', '2025-11-06 19:33:10'),
(91, 139, 4700, '8 szeletes', '2025-11-06 19:33:10', '2025-11-06 19:33:10'),
(92, 30, 530, 'db', '2025-11-06 19:33:10', '2025-11-06 19:33:10'),
(93, 95, 16200, '24 szeletes', '2025-11-06 19:33:10', '2025-11-06 19:33:10'),
(94, 101, 400, 'db', '2025-11-06 19:33:10', '2025-11-06 19:33:10'),
(95, 65, 400, 'db', '2025-11-06 19:33:10', '2025-11-06 19:33:10'),
(96, 10, 12100, '24 szeletes', '2025-11-06 19:33:10', '2025-11-06 19:33:10'),
(97, 59, 9000, '16 szeletes', '2025-11-06 19:33:10', '2025-11-06 19:33:10'),
(98, 119, 4700, '8 szeletes', '2025-11-06 19:33:10', '2025-11-06 19:33:10'),
(99, 82, 16200, '24 szeletes', '2025-11-06 19:33:10', '2025-11-06 19:33:10'),
(100, 3, 3300, 'kg', '2025-11-06 19:33:10', '2025-11-06 19:33:10'),
(101, 104, 4200, 'kg', '2025-11-06 19:33:10', '2025-11-06 19:33:10'),
(102, 110, 530, 'db', '2025-11-06 19:33:10', '2025-11-06 19:33:10'),
(103, 1, 300, 'db', '2025-11-06 19:33:10', '2025-11-06 19:33:10'),
(104, 25, 8200, '16 szeletes', '2025-11-06 19:33:10', '2025-11-06 19:33:10'),
(105, 40, 16200, '24 szeletes', '2025-11-06 19:33:10', '2025-11-06 19:33:10'),
(106, 36, 490, 'db', '2025-11-06 19:33:10', '2025-11-06 19:33:10'),
(107, 124, 3900, '8 szeletes', '2025-11-06 19:33:10', '2025-11-06 19:33:10'),
(108, 16, 530, 'db', '2025-11-06 19:33:10', '2025-11-06 19:33:10'),
(109, 29, 3500, 'koszorú', '2025-11-06 19:33:10', '2025-11-06 19:33:10'),
(110, 116, 10900, '16 szeletes', '2025-11-06 19:33:10', '2025-11-06 19:33:10'),
(111, 71, 3900, '8 szeletes', '2025-11-06 19:33:10', '2025-11-06 19:33:10'),
(112, 2, 500, 'db', '2025-11-06 19:33:10', '2025-11-06 19:33:10'),
(113, 71, 11400, '24 szeletes', '2025-11-06 19:33:10', '2025-11-06 19:33:10'),
(114, 10, 4300, '8 szeletes', '2025-11-06 19:33:10', '2025-11-06 19:33:10'),
(115, 108, 3900, '8 szeletes', '2025-11-06 19:33:10', '2025-11-06 19:33:10'),
(116, 69, 450, 'db', '2025-11-06 19:33:10', '2025-11-06 19:33:10'),
(117, 39, 9000, '16 szeletes', '2025-11-06 19:33:10', '2025-11-06 19:33:10'),
(118, 25, 4300, '8 szeletes', '2025-11-06 19:33:10', '2025-11-06 19:33:10'),
(119, 107, 8400, '16 szeletes', '2025-11-06 19:33:10', '2025-11-06 19:33:10'),
(120, 5, 9000, '12 szeletes', '2025-11-06 19:33:10', '2025-11-06 19:33:10'),
(121, 106, 8200, '16 szeletes', '2025-11-06 19:33:10', '2025-11-06 19:33:10'),
(122, 114, 450, 'db', '2025-11-06 19:33:10', '2025-11-06 19:33:10'),
(123, 26, 400, 'db', '2025-11-06 19:33:10', '2025-11-06 19:33:10'),
(124, 82, 10900, '16 szeletes', '2025-11-06 19:33:10', '2025-11-06 19:33:10'),
(125, 28, 8200, '16 szeletes', '2025-11-06 19:33:10', '2025-11-06 19:33:10'),
(126, 42, 10900, '16 szeletes', '2025-11-06 19:33:10', '2025-11-06 19:33:10'),
(127, 35, 13200, '24 szeletes', '2025-11-06 19:33:10', '2025-11-06 19:33:10'),
(128, 74, 3900, '8 szeletes', '2025-11-06 19:33:10', '2025-11-06 19:33:10'),
(129, 19, 450, 'db', '2025-11-06 19:33:10', '2025-11-06 19:33:10'),
(130, 25, 12100, '24 szeletes', '2025-11-06 19:33:10', '2025-11-06 19:33:10'),
(131, 125, 5700, '8 szeletes', '2025-11-06 19:33:10', '2025-11-06 19:33:10'),
(132, 95, 5700, '8 szeletes', '2025-11-06 19:33:10', '2025-11-06 19:33:10'),
(133, 34, 1700, 'rúd', '2025-11-06 19:33:10', '2025-11-06 19:33:10'),
(134, 121, 530, 'db', '2025-11-06 19:33:10', '2025-11-06 19:33:10'),
(135, 76, 16200, '24 szeletes', '2025-11-06 19:33:10', '2025-11-06 19:33:10'),
(136, 13, 400, 'db', '2025-11-06 19:33:10', '2025-11-06 19:33:10'),
(137, 60, 12100, '24 szeletes', '2025-11-06 19:33:10', '2025-11-06 19:33:10'),
(138, 33, 350, 'db', '2025-11-06 19:33:10', '2025-11-06 19:33:10'),
(139, 132, 530, 'db', '2025-11-06 19:33:10', '2025-11-06 19:33:10'),
(140, 117, 9900, '16 szeletes', '2025-11-06 19:33:10', '2025-11-06 19:33:10'),
(141, 27, 10400, '16 szeletes', '2025-11-06 19:33:10', '2025-11-06 19:33:10'),
(142, 18, 490, 'db', '2025-11-06 19:33:10', '2025-11-06 19:33:10'),
(143, 124, 7400, '16 szeletes', '2025-11-06 19:33:10', '2025-11-06 19:33:10'),
(144, 122, 5200, 'kg', '2025-11-06 19:33:10', '2025-11-06 19:33:10'),
(145, 59, 4700, '8 szeletes', '2025-11-06 19:33:10', '2025-11-06 19:33:10'),
(146, 124, 11400, '24 szeletes', '2025-11-06 19:33:10', '2025-11-06 19:33:10'),
(147, 134, 13200, '24 szeletes', '2025-11-06 19:33:10', '2025-11-06 19:33:10'),
(148, 45, 450, 'db', '2025-11-06 19:33:10', '2025-11-06 19:33:10'),
(149, 63, 350, 'db', '2025-11-06 19:33:10', '2025-11-06 19:33:10'),
(150, 6, 3900, '8 szeletes', '2025-11-06 19:33:10', '2025-11-06 19:33:10'),
(151, 28, 4300, '8 szeletes', '2025-11-06 19:33:10', '2025-11-06 19:33:10'),
(152, 37, 3900, '8 szeletes', '2025-11-06 19:33:10', '2025-11-06 19:33:10'),
(153, 52, 5000, 'kg', '2025-11-06 19:33:10', '2025-11-06 19:33:10'),
(154, 61, 4500, '8 szeletes', '2025-11-06 19:33:10', '2025-11-06 19:33:10'),
(155, 86, 600, 'db', '2025-11-06 19:33:10', '2025-11-06 19:33:10'),
(156, 6, 7400, '16 szeletes', '2025-11-06 19:33:10', '2025-11-06 19:33:10'),
(157, 37, 7400, '16 szeletes', '2025-11-06 19:33:10', '2025-11-06 19:33:10'),
(158, 11, 490, 'db', '2025-11-06 19:33:10', '2025-11-06 19:33:10'),
(159, 108, 7400, '16 szeletes', '2025-11-06 19:33:10', '2025-11-06 19:33:10'),
(160, 35, 9000, '16 szeletes', '2025-11-06 19:33:10', '2025-11-06 19:33:10'),
(161, 107, 4500, '8 szeletes', '2025-11-06 19:33:10', '2025-11-06 19:33:10'),
(162, 6, 11400, '24 szeletes', '2025-11-06 19:33:10', '2025-11-06 19:33:10'),
(163, 79, 4000, 'kg', '2025-11-06 19:33:10', '2025-11-06 19:33:10'),
(164, 60, 4300, '8 szeletes', '2025-11-06 19:33:10', '2025-11-06 19:33:10'),
(165, 21, 5700, '8 szeletes', '2025-11-06 19:33:10', '2025-11-06 19:33:10'),
(166, 28, 12100, '24 szeletes', '2025-11-06 19:33:10', '2025-11-06 19:33:10'),
(167, 15, 5000, 'kg', '2025-11-06 19:33:10', '2025-11-06 19:33:10'),
(169, 37, 11400, '24 szeletes', '2025-11-06 19:33:10', '2025-11-06 19:33:10'),
(170, 74, 11400, '24 szeletes', '2025-11-06 19:33:10', '2025-11-06 19:33:10'),
(171, 103, 650, 'db', '2025-11-06 19:33:10', '2025-11-06 19:33:10'),
(172, 43, 4200, 'kg', '2025-11-06 19:33:10', '2025-11-06 19:33:10'),
(173, 12, 3400, 'kg', '2025-11-06 19:33:10', '2025-11-06 19:33:10'),
(174, 27, 5400, '8 szeletes', '2025-11-06 19:33:10', '2025-11-06 19:33:10'),
(175, 7, 490, 'db', '2025-11-06 19:33:10', '2025-11-06 19:33:10'),
(176, 84, 5200, 'kg', '2025-11-06 19:33:10', '2025-11-06 19:33:10'),
(177, 115, 3600, 'kg', '2025-11-06 19:33:10', '2025-11-06 19:33:10'),
(178, 51, 4000, 'kg', '2025-11-06 19:33:10', '2025-11-06 19:33:10'),
(179, 118, 450, 'db', '2025-11-06 19:33:10', '2025-11-06 19:33:10'),
(180, 41, 530, 'db', '2025-11-06 19:33:10', '2025-11-06 19:33:10'),
(181, 135, 400, 'db', '2025-11-06 19:33:10', '2025-11-06 19:33:10'),
(182, 73, 5400, '8 szeletes', '2025-11-06 19:33:10', '2025-11-06 19:33:10'),
(183, 10, 8200, '16 szeletes', '2025-11-06 19:33:10', '2025-11-06 19:33:10'),
(184, 98, 5400, '8 szeletes', '2025-11-06 19:33:10', '2025-11-06 19:33:10'),
(185, 113, 850, 'db', '2025-11-06 19:33:10', '2025-11-06 19:33:10'),
(186, 130, 350, 'db', '2025-11-06 19:33:10', '2025-11-06 19:33:10'),
(187, 39, 4700, '8 szeletes', '2025-11-06 19:33:10', '2025-11-06 19:33:10'),
(188, 136, 3400, 'kg', '2025-11-06 19:33:10', '2025-11-06 19:33:10'),
(189, 83, 650, 'db', '2025-11-06 19:33:10', '2025-11-06 19:33:10'),
(190, 91, 800, '20 dkg', '2025-11-06 19:33:10', '2025-11-06 19:33:10'),
(191, 46, 5200, 'kg', '2025-11-06 19:33:10', '2025-11-06 19:33:10'),
(192, 102, 330, 'db', '2025-11-06 19:33:10', '2025-11-06 19:33:10'),
(193, 95, 10900, '16 szeletes', '2025-11-06 19:33:10', '2025-11-06 19:33:10'),
(194, 54, 580, 'db', '2025-11-06 19:33:10', '2025-11-06 19:33:10'),
(195, 57, 530, 'db', '2025-11-06 19:33:10', '2025-11-06 19:33:10'),
(196, 22, 4700, '8 szeletes', '2025-11-06 19:33:10', '2025-11-06 19:33:10'),
(197, 92, 450, 'db', '2025-11-06 19:33:10', '2025-11-06 19:33:10'),
(198, 68, 12400, '16 szeletes', '2025-11-06 19:33:10', '2025-11-06 19:33:10'),
(199, 42, 5700, '8 szeletes', '2025-11-06 19:33:10', '2025-11-06 19:33:10'),
(200, 40, 10900, '16 szeletes', '2025-11-06 19:33:10', '2025-11-06 19:33:10'),
(201, 9, 450, 'db', '2025-11-06 19:33:10', '2025-11-06 19:33:10'),
(202, 78, 4200, 'kg', '2025-11-06 19:33:10', '2025-11-06 19:33:10'),
(203, 85, 500, 'db', '2025-11-06 19:33:10', '2025-11-06 19:33:10'),
(204, 137, 600, 'db', '2025-11-06 19:33:10', '2025-11-06 19:33:10'),
(205, 50, 4900, '8 szeletes', '2025-11-06 19:33:10', '2025-11-06 19:33:10'),
(206, 38, 12100, '24 szeletes', '2025-11-06 19:33:10', '2025-11-06 19:33:10'),
(207, 53, 4200, 'kg', '2025-11-06 19:33:10', '2025-11-06 19:33:10'),
(208, 89, 4700, '8 szeletes', '2025-11-06 19:33:10', '2025-11-06 19:33:10');

-- --------------------------------------------------------

--
-- Tábla szerkezet ehhez a táblához `messages`
--

CREATE TABLE `messages` (
  `id` bigint(20) UNSIGNED NOT NULL,
  `sender_name` varchar(255) NOT NULL,
  `sender_email` varchar(255) NOT NULL,
  `content` text NOT NULL,
  `created_at` timestamp NULL DEFAULT NULL,
  `updated_at` timestamp NULL DEFAULT NULL
) ENGINE=InnoDB DEFAULT CHARSET=utf8mb4 COLLATE=utf8mb4_unicode_ci;

--
-- A tábla adatainak kiíratása `messages`
--

INSERT INTO `messages` (`id`, `sender_name`, `sender_email`, `content`, `created_at`, `updated_at`) VALUES
(17, 'Harcos Maja', 'maja@example.com', 'Ez itt az első üzenetem', '2025-11-06 21:39:23', '2025-11-06 21:39:23'),
(18, 'Harcos Maja', 'maja@example.com', 'tuirztuurtzuftzu', '2025-11-10 15:16:02', '2025-11-10 15:16:02'),
(19, 'Harcos Maja', 'maja@example.com', 'Ez itt az én üzenetem', '2025-11-11 17:41:15', '2025-11-11 17:41:15'),
(20, 'Harcos Maja', 'admin@example.hu', 'asdfasdf', '2025-11-14 18:18:24', '2025-11-14 18:18:24'),
(21, 'Harcos Maja', 'admin@example.hu', 'afdghgdgfh', '2025-11-14 21:33:40', '2025-11-14 21:33:40'),
(22, 'asdfasdfasdfasdf', 'admin@example.hu', 'adfgdfghfghj', NULL, NULL),
(23, 'asdfasdfasdfasdf', 'admin@example.hu', 'dfghfdgjfghjghj', '2025-11-24 18:36:31', '2025-11-24 18:36:31'),
(24, 'Harcos Maja', 'maja@example.com', 'EZ meg most már itt egy nagyon hosszú üzenet. Kellene az a süti mert éhezünk. Tortából kellene mindből 24 szelet.', '2025-11-24 19:52:59', '2025-11-24 19:52:59'),
(25, 'Harcos Maja', 'maja@example.com', 'adsfgsfdghdfghdfghdgfh dgfhdfgh dgfh ', '2025-11-24 22:18:49', '2025-11-24 22:18:49'),
(26, 'Harcos Maja', 'maja@example.com', 'Ez lesz itt az én üzenetem amit leadok, hogy megnézzem a flash üzenet jó helyen jelenik-e meg módosítás után.', '2025-11-25 12:19:25', '2025-11-25 12:19:25'),
(27, 'Harcos Maja', 'maja@example.com', 'Ez itt ez nagyon új üzenet', '2025-11-25 13:36:39', '2025-11-25 13:36:39'),
(28, 'Harcos Maja', 'admin@example.hu', 'postmanes üzike', '2025-11-25 15:36:54', '2025-11-25 15:36:54'),
(29, 'Harcos Maja', 'maja@example.com', 'wesdfghdfghgfhjgfhjghfj', '2025-11-25 19:14:40', '2025-11-25 19:14:40'),
(30, 'Harcos Maja', 'maja@example.com', 'arfsdgsdfhdfgjfghjfghj', '2025-11-26 10:34:54', '2025-11-26 10:34:54');

-- --------------------------------------------------------

--
-- Tábla szerkezet ehhez a táblához `sessions`
--

CREATE TABLE `sessions` (
  `session_id` varchar(128) CHARACTER SET utf8mb4 COLLATE utf8mb4_bin NOT NULL,
  `expires` int(11) UNSIGNED NOT NULL,
  `data` mediumtext CHARACTER SET utf8mb4 COLLATE utf8mb4_bin DEFAULT NULL
) ENGINE=InnoDB DEFAULT CHARSET=utf8mb4 COLLATE=utf8mb4_hungarian_ci;

--
-- A tábla adatainak kiíratása `sessions`
--

INSERT INTO `sessions` (`session_id`, `expires`, `data`) VALUES
('gBGHhCq4Yv2W4cRjrl_CLoGMEi7Qh1XL', 1764178261, '{\"cookie\":{\"originalMaxAge\":86400000,\"expires\":\"2025-11-26T17:31:00.864Z\",\"httpOnly\":true,\"path\":\"/\"},\"flash\":{}}'),
('qoZg2SbP9PPXg3i8AOxMlF61qWO81VXC', 1764246337, '{\"cookie\":{\"originalMaxAge\":86400000,\"expires\":\"2025-11-27T10:34:54.919Z\",\"httpOnly\":true,\"path\":\"/\"},\"flash\":{},\"user\":{\"id\":2,\"username\":\"admin\",\"hash\":\"72c9dcdcb460d699f5d6b854064e334d070172d7b10d129cf3e833571e88087b812701d8a88fcbfc9bb841e326a3d652c8bc95fca848a5dfa9d6fd8173206874\",\"isAdmin\":1}}');

-- --------------------------------------------------------

--
-- Tábla szerkezet ehhez a táblához `suti`
--

CREATE TABLE `suti` (
  `id` bigint(20) UNSIGNED NOT NULL,
  `nev` varchar(255) NOT NULL,
  `tipus` varchar(255) NOT NULL,
  `dijazott` tinyint(1) NOT NULL,
  `created_at` timestamp NULL DEFAULT NULL,
  `updated_at` timestamp NULL DEFAULT NULL
) ENGINE=InnoDB DEFAULT CHARSET=utf8mb4 COLLATE=utf8mb4_unicode_ci;

--
-- A tábla adatainak kiíratása `suti`
--

INSERT INTO `suti` (`id`, `nev`, `tipus`, `dijazott`, `created_at`, `updated_at`) VALUES
(1, 'Süni', 'vegyes', 1, '2025-11-06 19:33:10', '2025-11-14 21:33:19'),
(2, 'Gesztenyealagút', 'vegyes', 0, '2025-11-06 19:33:10', '2025-11-06 19:33:10'),
(3, 'Sajtos pogácsa', 'sós teasütemény', 0, '2025-11-06 19:33:10', '2025-11-06 19:33:10'),
(4, 'Diós-mákos', 'bejgli', 0, '2025-11-06 19:33:10', '2025-11-06 19:33:10'),
(5, 'Sajttorta (málnás)', 'torta', 0, '2025-11-06 19:33:10', '2025-11-06 19:33:10'),
(6, 'Citrom', 'torta', 0, '2025-11-06 19:33:10', '2025-11-06 19:33:10'),
(7, 'Eszterházy', 'tortaszelet', 0, '2025-11-06 19:33:10', '2025-11-06 19:33:10'),
(8, 'Rákóczi-túrós', 'pite', 0, '2025-11-06 19:33:10', '2025-11-06 19:33:10'),
(9, 'Meggyes kocka', 'tejszínes sütemény', 0, '2025-11-06 19:33:10', '2025-11-06 19:33:10'),
(10, 'Legényfogó', 'torta', 1, '2025-11-06 19:33:10', '2025-11-06 19:33:10'),
(11, 'Alpesi karamell', 'tortaszelet', 0, '2025-11-06 19:33:10', '2025-11-06 19:33:10'),
(12, 'Kókuszcsók', 'édes teasütemény', 0, '2025-11-06 19:33:10', '2025-11-06 19:33:10'),
(13, 'Habos mákos', 'pite', 0, '2025-11-06 19:33:10', '2025-11-06 19:33:10'),
(14, 'Szilvás', 'pite', 0, '2025-11-06 19:33:10', '2025-11-06 19:33:10'),
(15, 'Juhtúrós párna', 'sós teasütemény', 0, '2025-11-06 19:33:10', '2025-11-06 19:33:10'),
(16, 'Mákos guba', 'tortaszelet', 0, '2025-11-06 19:33:10', '2025-11-06 19:33:10'),
(17, 'Néró', 'édes teasütemény', 0, '2025-11-06 19:33:10', '2025-11-06 19:33:10'),
(18, 'Sacher', 'tortaszelet', 0, '2025-11-06 19:33:10', '2025-11-06 19:33:10'),
(19, 'Citrom', 'tortaszelet', 0, '2025-11-06 19:33:10', '2025-11-06 19:33:10'),
(20, 'Ribizlihabos-almás réteges', 'különleges torta', 1, '2025-11-06 19:33:10', '2025-11-06 19:33:10'),
(21, 'Három kívánság', 'torta', 1, '2025-11-06 19:33:10', '2025-11-06 19:33:10'),
(22, 'Dobos', 'torta', 0, '2025-11-06 19:33:10', '2025-11-06 19:33:10'),
(23, 'Epres mascarpone', 'tortaszelet', 0, '2025-11-06 19:33:10', '2025-11-06 19:33:10'),
(24, 'Csokoládémousse', 'torta', 0, '2025-11-06 19:33:10', '2025-11-06 19:33:10'),
(25, 'Oroszkrém', 'torta', 0, '2025-11-06 19:33:10', '2025-11-06 19:33:10'),
(26, 'Medvetalp', 'vegyes', 0, '2025-11-06 19:33:10', '2025-11-06 19:33:10'),
(27, 'Trüffel', 'torta', 0, '2025-11-06 19:33:10', '2025-11-06 19:33:10'),
(28, 'Tejszínes gyümölcsös (meggy)', 'torta', 0, '2025-11-06 19:33:10', '2025-11-06 19:33:10'),
(29, 'Mákos-szilvalekváros', 'bejgli', 0, '2025-11-06 19:33:10', '2025-11-06 19:33:10'),
(30, 'Ribizlihabos-﻿almá﻿s réteges tortaszelet', 'tortaszelet', 0, '2025-11-06 19:33:10', '2025-11-06 19:33:10'),
(31, 'Marcipános vágott', 'édes teasütemény', 0, '2025-11-06 19:33:10', '2025-11-06 19:33:10'),
(32, 'Indiáner', 'vegyes', 0, '2025-11-06 19:33:10', '2025-11-06 19:33:10'),
(33, 'Meggyes', 'pite', 0, '2025-11-06 19:33:10', '2025-11-06 19:33:10'),
(34, 'Mákos', 'bejgli', 0, '2025-11-06 19:33:10', '2025-11-06 19:33:10'),
(35, 'Sós karamella', 'torta', 0, '2025-11-06 19:33:10', '2025-11-06 19:33:10'),
(36, 'Legényfogó', 'tortaszelet', 0, '2025-11-06 19:33:10', '2025-11-06 19:33:10'),
(37, 'Rigó Jancsi', 'torta', 0, '2025-11-06 19:33:10', '2025-11-06 19:33:10'),
(38, 'Tejszínes gyümölcsös (erdei gyümölcs)', 'torta', 0, '2025-11-06 19:33:10', '2025-11-06 19:33:10'),
(39, 'Ez+Az (csokoládé és gesztenye)', 'torta', 0, '2025-11-06 19:33:10', '2025-11-06 19:33:10'),
(40, 'Málnás mascarpone', 'torta', 0, '2025-11-06 19:33:10', '2025-11-06 19:33:10'),
(41, 'Dobos', 'tortaszelet', 0, '2025-11-06 19:33:10', '2025-11-06 19:33:10'),
(42, 'Ferrero', 'torta', 0, '2025-11-06 19:33:10', '2025-11-06 19:33:10'),
(43, 'Vegyes házi pite falatok', 'pite', 0, '2025-11-06 19:33:10', '2025-11-06 19:33:10'),
(44, 'Ökörszem', 'édes teasütemény', 0, '2025-11-06 19:33:10', '2025-11-06 19:33:10'),
(45, 'Danubius kocka', 'tejszínes sütemény', 0, '2025-11-06 19:33:10', '2025-11-06 19:33:10'),
(46, 'Sajtkrémmel töltött fánkocska', 'sós teasütemény', 0, '2025-11-06 19:33:10', '2025-11-06 19:33:10'),
(47, 'Túrókrém gyümölccsel díszítve', 'tortaszelet', 0, '2025-11-06 19:33:10', '2025-11-06 19:33:10'),
(48, 'Almás', 'pite', 0, '2025-11-06 19:33:10', '2025-11-06 19:33:10'),
(49, 'Mignon', 'vegyes', 0, '2025-11-06 19:33:10', '2025-11-06 19:33:10'),
(50, 'Csokoládémousse fényes csokoládéval', 'torta', 0, '2025-11-06 19:33:10', '2025-11-06 19:33:10'),
(51, 'Vágott sós (sós omlós)', 'sós teasütemény', 0, '2025-11-06 19:33:10', '2025-11-06 19:33:10'),
(52, 'Nagyi sós', 'sós teasütemény', 0, '2025-11-06 19:33:10', '2025-11-06 19:33:10'),
(53, 'Vegyes sós', 'sós teasütemény', 0, '2025-11-06 19:33:10', '2025-11-06 19:33:10'),
(54, 'Somlói', 'tortaszelet', 0, '2025-11-06 19:33:10', '2025-11-06 19:33:10'),
(55, 'Tiramisu', 'tortaszelet', 0, '2025-11-06 19:33:10', '2025-11-06 19:33:10'),
(56, 'Hegyvidék', 'tortaszelet', 0, '2025-11-06 19:33:10', '2025-11-06 19:33:10'),
(57, 'Szedres csokoládé', 'tortaszelet', 0, '2025-11-06 19:33:10', '2025-11-06 19:33:10'),
(58, 'Pogácsák vegyesen', 'sós teasütemény', 0, '2025-11-06 19:33:10', '2025-11-06 19:33:10'),
(59, 'Lúdláb', 'torta', 0, '2025-11-06 19:33:10', '2025-11-06 19:33:10'),
(60, 'Sacher', 'torta', 0, '2025-11-06 19:33:10', '2025-11-06 19:33:10'),
(61, 'Eszterházy', 'torta', 0, '2025-11-06 19:33:10', '2025-11-06 19:33:10'),
(62, 'Zalavári gesztenye', 'tortaszelet', 0, '2025-11-06 19:33:10', '2025-11-06 19:33:10'),
(63, 'Gesztenyegolyó', 'vegyes', 0, '2025-11-06 19:33:10', '2025-11-06 19:33:10'),
(64, 'Pisztáciás-málnás mascarpone', 'tortaszelet', 0, '2025-11-06 19:33:10', '2025-11-06 19:33:10'),
(65, 'Habos mákos', 'vegyes', 0, '2025-11-06 19:33:10', '2025-11-06 19:33:10'),
(66, 'Franciakrémes', 'krémes', 0, '2025-11-06 19:33:10', '2025-11-06 19:33:10'),
(67, 'Gesztenye kocka', 'tejszínes sütemény', 0, '2025-11-06 19:33:10', '2025-11-06 19:33:10'),
(68, 'Pisztáciás-málnás mascarpone', 'torta', 0, '2025-11-06 19:33:10', '2025-11-06 19:33:10'),
(69, 'Málnás kocka', 'tejszínes sütemény', 0, '2025-11-06 19:33:10', '2025-11-06 19:33:10'),
(70, 'Sajttorta (málnás)', 'tortaszelet', 0, '2025-11-06 19:33:10', '2025-11-06 19:33:10'),
(71, 'Túrókrém gyümölccsel', 'torta', 0, '2025-11-06 19:33:10', '2025-11-06 19:33:10'),
(72, 'Csokis kaland', 'különleges torta', 1, '2025-11-06 19:33:10', '2025-11-06 19:33:10'),
(73, 'Somlói', 'torta', 0, '2025-11-06 19:33:10', '2025-11-06 19:33:10'),
(74, 'Palermo', 'torta', 0, '2025-11-06 19:33:10', '2025-11-06 19:33:10'),
(75, 'Szilvalekváros', 'bejgli', 0, '2025-11-06 19:33:10', '2025-11-06 19:33:10'),
(76, 'Ünnepi diótorta grillázzsal', 'torta', 0, '2025-11-06 19:33:10', '2025-11-06 19:33:10'),
(77, 'Oroszkrém', 'tortaszelet', 0, '2025-11-06 19:33:10', '2025-11-06 19:33:10'),
(78, 'Mini zserbó', 'édes teasütemény', 0, '2025-11-06 19:33:10', '2025-11-06 19:33:10'),
(79, 'Sajtos masni', 'sós teasütemény', 0, '2025-11-06 19:33:10', '2025-11-06 19:33:10'),
(80, 'Zserbó', 'pite', 0, '2025-11-06 19:33:10', '2025-11-06 19:33:10'),
(81, 'Tejszínes gyümölcsös (málna)', 'torta', 0, '2025-11-06 19:33:10', '2025-11-06 19:33:10'),
(82, 'Marcipános csokoládé', 'torta', 0, '2025-11-06 19:33:10', '2025-11-06 19:33:10'),
(83, 'Csokis kaland', 'tortaszelet', 0, '2025-11-06 19:33:10', '2025-11-06 19:33:10'),
(84, 'Marcipán tekercs', 'édes teasütemény', 0, '2025-11-06 19:33:10', '2025-11-06 19:33:10'),
(85, 'Képviselőfánk', 'vegyes', 0, '2025-11-06 19:33:10', '2025-11-06 19:33:10'),
(86, 'Epres omlett', 'vegyes', 0, '2025-11-06 19:33:10', '2025-11-06 19:33:10'),
(87, 'Mini linzer', 'édes teasütemény', 0, '2025-11-06 19:33:10', '2025-11-06 19:33:10'),
(88, 'Linzerkarika', 'vegyes', 0, '2025-11-06 19:33:10', '2025-11-06 19:33:10'),
(89, 'Szedres csokoládé', 'torta', 0, '2025-11-06 19:33:10', '2025-11-06 19:33:10'),
(90, 'Narancsív', 'édes teasütemény', 0, '2025-11-06 19:33:10', '2025-11-06 19:33:10'),
(91, 'Gesztenyepüré', 'vegyes', 0, '2025-11-06 19:33:10', '2025-11-06 19:33:10'),
(92, 'Palermo', 'tejszínes sütemény', 0, '2025-11-06 19:33:10', '2025-11-06 19:33:10'),
(93, 'Csokis néró', 'édes teasütemény', 0, '2025-11-06 19:33:10', '2025-11-06 19:33:10'),
(94, 'Flódni', 'pite', 0, '2025-11-06 19:33:10', '2025-11-06 19:33:10'),
(95, 'Mézeskalács', 'torta', 0, '2025-11-06 19:33:10', '2025-11-06 19:33:10'),
(96, 'Olívás pogácsa', 'sós teasütemény', 0, '2025-11-06 19:33:10', '2025-11-06 19:33:10'),
(97, 'Florentin', 'édes teasütemény', 0, '2025-11-06 19:33:10', '2025-11-06 19:33:10'),
(98, 'Tiramisu', 'torta', 0, '2025-11-06 19:33:10', '2025-11-06 19:33:10'),
(99, 'Zoli kedvence (vágott édes tea)', 'édes teasütemény', 0, '2025-11-06 19:33:10', '2025-11-06 19:33:10'),
(100, 'Erdei gyümölcs kocka', 'tejszínes sütemény', 0, '2025-11-06 19:33:10', '2025-11-06 19:33:10'),
(101, 'Rákóczi-túrós', 'tortaszelet', 0, '2025-11-06 19:33:10', '2025-11-06 19:33:10'),
(102, 'Mézeskrémes', 'pite', 0, '2025-11-06 19:33:10', '2025-11-06 19:33:10'),
(103, 'Trüffel', 'tortaszelet', 0, '2025-11-06 19:33:10', '2025-11-06 19:33:10'),
(104, 'Szilvás papucs', 'édes teasütemény', 0, '2025-11-06 19:33:10', '2025-11-06 19:33:10'),
(105, 'Zalavári gesztenye', 'torta', 1, '2025-11-06 19:33:10', '2025-11-06 19:33:10'),
(106, 'Danubius', 'torta', 0, '2025-11-06 19:33:10', '2025-11-06 19:33:10'),
(107, 'Alpesi karamell', 'torta', 0, '2025-11-06 19:33:10', '2025-11-06 19:33:10'),
(108, 'Puncs', 'torta', 0, '2025-11-06 19:33:10', '2025-11-06 19:33:10'),
(109, 'Gesztenye szív', 'vegyes', 0, '2025-11-06 19:33:10', '2025-11-06 19:33:10'),
(110, 'Ez+Az (csokoládé és gesztenye)', 'tortaszelet', 0, '2025-11-06 19:33:10', '2025-11-06 19:33:10'),
(111, 'Tökmagos félhold', 'sós teasütemény', 0, '2025-11-06 19:33:10', '2025-11-06 19:33:10'),
(112, 'Burgonyás pogácsa', 'sós teasütemény', 0, '2025-11-06 19:33:10', '2025-11-06 19:33:10'),
(113, 'Somlói galuska', 'vegyes', 0, '2025-11-06 19:33:10', '2025-11-06 19:33:10'),
(114, 'Puncs', 'tortaszelet', 0, '2025-11-06 19:33:10', '2025-11-06 19:33:10'),
(115, 'Lekváros vágott', 'édes teasütemény', 0, '2025-11-06 19:33:10', '2025-11-06 19:33:10'),
(116, 'Oreo', 'torta', 0, '2025-11-06 19:33:10', '2025-11-06 19:33:10'),
(117, 'Vintage', 'torta', 0, '2025-11-06 19:33:10', '2025-11-06 19:33:10'),
(118, 'Rigó Jancsi', 'tejszínes sütemény', 0, '2025-11-06 19:33:10', '2025-11-06 19:33:10'),
(119, 'Feketeerdő', 'torta', 0, '2025-11-06 19:33:10', '2025-11-06 19:33:10'),
(120, 'Kókuszos vágott', 'édes teasütemény', 0, '2025-11-06 19:33:10', '2025-11-06 19:33:10'),
(121, 'Feketeerdő', 'tortaszelet', 0, '2025-11-06 19:33:10', '2025-11-06 19:33:10'),
(122, 'Moscauer', 'édes teasütemény', 0, '2025-11-06 19:33:10', '2025-11-06 19:33:10'),
(123, 'Diós', 'bejgli', 0, '2025-11-06 19:33:10', '2025-11-06 19:33:10'),
(124, 'Rákóczi-túrós', 'torta', 0, '2025-11-06 19:33:10', '2025-11-06 19:33:10'),
(125, 'Három kívánság', 'különleges torta', 0, '2025-11-06 19:33:10', '2025-11-06 19:33:10'),
(126, 'Gesztenyés-karamellás', 'bejgli', 0, '2025-11-06 19:33:10', '2025-11-06 19:33:10'),
(127, 'Gesztenyés szív', 'édes teasütemény', 0, '2025-11-06 19:33:10', '2025-11-06 19:33:10'),
(128, 'Ropi', 'sós teasütemény', 0, '2025-11-06 19:33:10', '2025-11-06 19:33:10'),
(129, 'Paleolit étcsokoládé', 'különleges torta', 0, '2025-11-06 19:33:10', '2025-11-06 19:33:10'),
(130, 'Túrós', 'pite', 0, '2025-11-06 19:33:10', '2025-11-06 19:33:10'),
(131, 'Ischler', 'vegyes', 0, '2025-11-06 19:33:10', '2025-11-06 19:33:10'),
(132, 'Lúdláb', 'tortaszelet', 0, '2025-11-06 19:33:10', '2025-11-06 19:33:10'),
(133, 'Csokoládémousse', 'tortaszelet', 0, '2025-11-06 19:33:10', '2025-11-06 19:33:10'),
(134, 'Dió', 'torta', 0, '2025-11-06 19:33:10', '2025-11-06 19:33:10'),
(135, 'Krémes', 'krémes', 0, '2025-11-06 19:33:10', '2025-11-06 19:33:10'),
(136, 'Mini ischler', 'édes teasütemény', 0, '2025-11-06 19:33:10', '2025-11-06 19:33:10'),
(137, 'Paleolit étcsokoládé', 'tortaszelet', 0, '2025-11-06 19:33:10', '2025-11-06 19:33:10'),
(138, 'Tejfölös túrós hajtogatott', 'sós teasütemény', 0, '2025-11-06 19:33:10', '2025-11-06 19:33:10'),
(139, 'Mákos guba', 'torta', 0, '2025-11-06 19:33:10', '2025-11-06 19:33:10'),
(155, 'Túrós palacsinta', 'palacsinta', 0, '2025-11-24 21:42:55', '2025-11-24 21:43:04');

-- --------------------------------------------------------

--
-- Tábla szerkezet ehhez a táblához `tartalom`
--

CREATE TABLE `tartalom` (
  `id` bigint(20) UNSIGNED NOT NULL,
  `sutiid` int(11) NOT NULL,
  `mentes` varchar(255) NOT NULL,
  `created_at` timestamp NULL DEFAULT NULL,
  `updated_at` timestamp NULL DEFAULT NULL
) ENGINE=InnoDB DEFAULT CHARSET=utf8mb4 COLLATE=utf8mb4_unicode_ci;

--
-- A tábla adatainak kiíratása `tartalom`
--

INSERT INTO `tartalom` (`id`, `sutiid`, `mentes`, `created_at`, `updated_at`) VALUES
(1, 26, 'G', '2025-11-06 19:33:10', '2025-11-06 19:33:10'),
(2, 37, 'L', '2025-11-06 19:33:10', '2025-11-06 19:33:10'),
(3, 83, 'HC', '2025-11-06 19:33:10', '2025-11-06 19:33:10'),
(4, 91, 'G', '2025-11-06 19:33:10', '2025-11-06 19:33:10'),
(5, 137, 'G', '2025-11-06 19:33:10', '2025-11-06 19:33:10'),
(6, 60, 'Te', '2025-11-06 19:33:10', '2025-11-06 19:33:10'),
(7, 129, 'HC', '2025-11-06 19:33:10', '2025-11-06 19:33:10'),
(8, 122, 'To', '2025-11-06 19:33:10', '2025-11-06 19:33:10'),
(9, 90, 'G', '2025-11-06 19:33:10', '2025-11-06 19:33:10'),
(10, 26, 'To', '2025-11-06 19:33:10', '2025-11-06 19:33:10'),
(11, 94, 'L', '2025-11-06 19:33:10', '2025-11-06 19:33:10'),
(12, 46, 'É', '2025-11-06 19:33:10', '2025-11-06 19:33:10'),
(13, 72, 'HC', '2025-11-06 19:33:10', '2025-11-06 19:33:10'),
(14, 114, 'Te', '2025-11-06 19:33:10', '2025-11-06 19:33:10'),
(15, 63, 'To', '2025-11-06 19:33:10', '2025-11-06 19:33:10'),
(16, 12, 'Te', '2025-11-06 19:33:10', '2025-11-06 19:33:10'),
(17, 128, 'É', '2025-11-06 19:33:10', '2025-11-06 19:33:10'),
(18, 51, 'É', '2025-11-06 19:33:10', '2025-11-06 19:33:10'),
(19, 109, 'To', '2025-11-06 19:33:10', '2025-11-06 19:33:10'),
(20, 109, 'G', '2025-11-06 19:33:10', '2025-11-06 19:33:10'),
(21, 97, 'G', '2025-11-06 19:33:10', '2025-11-06 19:33:10'),
(22, 97, 'To', '2025-11-06 19:33:10', '2025-11-06 19:33:10'),
(23, 24, 'L', '2025-11-06 19:33:10', '2025-11-06 19:33:10'),
(24, 91, 'To', '2025-11-06 19:33:10', '2025-11-06 19:33:10'),
(25, 137, 'L', '2025-11-06 19:33:10', '2025-11-06 19:33:10'),
(26, 84, 'G', '2025-11-06 19:33:10', '2025-11-06 19:33:10'),
(27, 30, 'HC', '2025-11-06 19:33:10', '2025-11-06 19:33:10'),
(28, 108, 'Te', '2025-11-06 19:33:10', '2025-11-06 19:33:10'),
(29, 84, 'To', '2025-11-06 19:33:10', '2025-11-06 19:33:10'),
(30, 6, 'L', '2025-11-06 19:33:10', '2025-11-06 19:33:10'),
(31, 108, 'L', '2025-11-06 19:33:10', '2025-11-06 19:33:10'),
(32, 12, 'L', '2025-11-06 19:33:10', '2025-11-06 19:33:10'),
(33, 79, 'É', '2025-11-06 19:33:10', '2025-11-06 19:33:10'),
(34, 72, 'G', '2025-11-06 19:33:10', '2025-11-06 19:33:10'),
(35, 118, 'L', '2025-11-06 19:33:10', '2025-11-06 19:33:10'),
(36, 60, 'L', '2025-11-06 19:33:10', '2025-11-06 19:33:10'),
(37, 52, 'É', '2025-11-06 19:33:10', '2025-11-06 19:33:10'),
(38, 137, 'HC', '2025-11-06 19:33:10', '2025-11-06 19:33:10'),
(39, 114, 'L', '2025-11-06 19:33:10', '2025-11-06 19:33:10'),
(40, 90, 'To', '2025-11-06 19:33:10', '2025-11-06 19:33:10'),
(41, 20, 'HC', '2025-11-06 19:33:10', '2025-11-06 19:33:10'),
(42, 63, 'G', '2025-11-06 19:33:10', '2025-11-06 19:33:10'),
(43, 129, 'G', '2025-11-06 19:33:10', '2025-11-06 19:33:10'),
(44, 129, 'L', '2025-11-06 19:33:10', '2025-11-06 19:33:10'),
(45, 15, 'É', '2025-11-06 19:33:10', '2025-11-06 19:33:10');

-- --------------------------------------------------------

--
-- Tábla szerkezet ehhez a táblához `users`
--

CREATE TABLE `users` (
  `id` int(11) NOT NULL,
  `username` varchar(45) NOT NULL,
  `hash` varchar(200) NOT NULL,
  `isAdmin` tinyint(4) NOT NULL
) ENGINE=InnoDB DEFAULT CHARSET=utf8mb4 COLLATE=utf8mb4_hungarian_ci;

--
-- A tábla adatainak kiíratása `users`
--

INSERT INTO `users` (`id`, `username`, `hash`, `isAdmin`) VALUES
(1, 'user', 'f74f2603939a53656948480ce71f1ce466685b6654fd22c61c1f2ce4e2c96d1cd02d162b560c4beaf1ae45f3471dc5cbc1ce040701c0b5c38457988aa00fe97f', 0),
(2, 'admin', '72c9dcdcb460d699f5d6b854064e334d070172d7b10d129cf3e833571e88087b812701d8a88fcbfc9bb841e326a3d652c8bc95fca848a5dfa9d6fd8173206874', 1),
(7, 'newuser', 'f74f2603939a53656948480ce71f1ce466685b6654fd22c61c1f2ce4e2c96d1cd02d162b560c4beaf1ae45f3471dc5cbc1ce040701c0b5c38457988aa00fe97f', 0),
(8, 'buborika', 'f74f2603939a53656948480ce71f1ce466685b6654fd22c61c1f2ce4e2c96d1cd02d162b560c4beaf1ae45f3471dc5cbc1ce040701c0b5c38457988aa00fe97f', 0);

--
-- Indexek a kiírt táblákhoz
--

--
-- A tábla indexei `ar`
--
ALTER TABLE `ar`
  ADD PRIMARY KEY (`id`);

--
-- A tábla indexei `messages`
--
ALTER TABLE `messages`
  ADD PRIMARY KEY (`id`);

--
-- A tábla indexei `sessions`
--
ALTER TABLE `sessions`
  ADD PRIMARY KEY (`session_id`);

--
-- A tábla indexei `suti`
--
ALTER TABLE `suti`
  ADD PRIMARY KEY (`id`);

--
-- A tábla indexei `tartalom`
--
ALTER TABLE `tartalom`
  ADD PRIMARY KEY (`id`);

--
-- A tábla indexei `users`
--
ALTER TABLE `users`
  ADD PRIMARY KEY (`id`);

--
-- A kiírt táblák AUTO_INCREMENT értéke
--

--
-- AUTO_INCREMENT a táblához `ar`
--
ALTER TABLE `ar`
  MODIFY `id` bigint(20) UNSIGNED NOT NULL AUTO_INCREMENT, AUTO_INCREMENT=209;

--
-- AUTO_INCREMENT a táblához `messages`
--
ALTER TABLE `messages`
  MODIFY `id` bigint(20) UNSIGNED NOT NULL AUTO_INCREMENT, AUTO_INCREMENT=31;

--
-- AUTO_INCREMENT a táblához `suti`
--
ALTER TABLE `suti`
  MODIFY `id` bigint(20) UNSIGNED NOT NULL AUTO_INCREMENT, AUTO_INCREMENT=158;

--
-- AUTO_INCREMENT a táblához `tartalom`
--
ALTER TABLE `tartalom`
  MODIFY `id` bigint(20) UNSIGNED NOT NULL AUTO_INCREMENT, AUTO_INCREMENT=46;

--
-- AUTO_INCREMENT a táblához `users`
--
ALTER TABLE `users`
  MODIFY `id` int(11) NOT NULL AUTO_INCREMENT, AUTO_INCREMENT=9;
COMMIT;

/*!40101 SET CHARACTER_SET_CLIENT=@OLD_CHARACTER_SET_CLIENT */;
/*!40101 SET CHARACTER_SET_RESULTS=@OLD_CHARACTER_SET_RESULTS */;
/*!40101 SET COLLATION_CONNECTION=@OLD_COLLATION_CONNECTION */;
